shape_code,human_readable_id,description,roof,semitransparency,OOB,surface_type,categorization,qualities
0x0001,,,,,,wall,,
0x0002,,,,,,wall,base,0
0x0003,ROOF_BLACK_0003,,true,,,wall,base,0
0x0004,,,,,,wall,terrain,0
0x0005,,,,,,wall,base,0
0x0006,,,,,,wall,base,0;18;44
0x0007,,,,,,wall,base,0
0x0008,,,,,,wall,base,0
0x0009,,,,,,wall,terrain,0
0x000a,,,,,,wall,terrain,0
0x000b,,,,,,wall,base,0;5;15;24;25;26;27;28;31;59;61;62;63;66;67;68;69;70;71;72;73;79;80;86;88;89
0x000c,,,,,,wall,terrain,0
0x000d,,,,,,wall,terrain,0;4
0x000e,,,,,,wall,terrain,0
0x000f,OOB_FLOOR_BLACK_000F,,,,true,wall,base,0
0x0010,,,,,,wall,egg,1;2;3;16;336;337;339;340;341;342;343;345;346;347;349;350;351;352;353;354;355;356;357;361;363;364;366;372;374;375;379;380;385;387;391;393;396;397;398;399;400;402;403;404;408;410;411;412;413;414;416;417;418;419;421;422;423;424;425;426;427;428;429;430;431;432;509;512;513;515;516;517
0x0011,,,,,,wall,egg,0;1;2;5;8;10;13;24
0x0012,,,,,,wall,terrain,0
0x0013,ROOF_BLACK_0013,,true,,,wall,base,0
0x0014,,,,,,wall,terrain,0
0x0015,,,,,,wall,base,0
0x0016,,,,,,wall,terrain,0
0x0017,,,,,,wall,base,0
0x0019,,,,,,wall,terrain,0
0x001a,,,,,,wall,base,0
0x001b,,,,,,wall,terrain,0
0x001d,,,,,,wall,base,0
0x001f,,,,,,wall,base,0
0x0020,,,,,,wall,terrain,0
0x0021,,,,,,wall,base,0
0x0022,,,,,,wall,base,0
0x0024,,,,,,wall,base,0
0x0025,,,,,,wall,terrain,0
0x0026,,,,,,wall,base,0
0x0028,,,,,,wall,helper,0
0x0029,,,,,,wall,terrain,0
0x002a,,,,,,wall,terrain,0
0x002b,,,,,,wall,terrain,0
0x002c,,,,,,wall,base,0;10
0x002d,,,,,,wall,terrain,0
0x002e,,,,,,wall,roof,0
0x002f,,,,,,wall,roof,0
0x0030,,,,,,wall,terrain,81;263;264;273;3088;65302
0x0032,,,,,,wall,base,0
0x0033,door_shape_0033,Auto-derived from DOOR self-shape comparison in USECODE,,,,wall,roof,3;5;7;10;12;15;20;21;23;31;37;43;49
0x0034,,,,,,wall,base,0;5;15;24;25;26;27;28;31;59;61;62;63;66;68;71;72;73;79;80;86;88;89
0x0035,,,,,,wall,base,0
0x0036,,,,,,wall,base,0
0x0037,,,,,,wall,base,0
0x0038,,,,,,wall,base,0
0x0039,,,,,,wall,terrain,0
0x003a,,,,,,wall,terrain,0
0x003b,,,,,,wall,base,0
0x003c,,,,,,wall,roof,0
0x003d,,,,,,wall,roof,0
0x003e,,,,,,wall,roof,0
0x003f,,,,,,wall,roof,0
0x0040,,,,,,wall,terrain,0
0x0041,,,,,,wall,roof,0
0x0042,,,,,,wall,terrain,0
0x0043,,,,,,wall,terrain,0
0x0044,,,,,,wall,terrain,0
0x0045,,,,,,wall,terrain,0
0x0046,,,,,,wall,base,0
0x0047,,,,,,wall,terrain,0
0x0048,,,,,,wall,terrain,0
0x0049,,,,,,wall,base,0
0x004a,,,,,,wall,base,0
0x004b,door_shape_004b,Auto-derived from DOOR self-shape comparison in USECODE,,,,wall,roof,1;2;17;60
0x004c,,,,,,wall,roof,0
0x004d,,,,,,wall,terrain,0
0x004e,,,,,,wall,roof,0
0x004f,,,,,,wall,terrain,0;4
0x0050,,,,,,wall,roof,0
0x0051,,,,,,wall,roof,0
0x0052,,,,,,wall,roof,0
0x0053,,,,,,wall,roof,0
0x0054,,,,,,wall,roof,0
0x0056,,,,,,wall,roof,0
0x0057,,,,,,wall,roof,0
0x0059,,,,,,wall,base,0
0x005a,INVISIBLE_WALL_005A,Editor Object,,true,,wall,editor,0
0x005b,,Editor Object,,,,wall,editor,0
0x005c,INVISIBLE_WALL_005C,Editor Object,,true,,wall,editor,0
0x005d,INVISIBLE_WALL_005D,Editor Object,,true,,wall,editor,0
0x005e,,,,,,wall,helper,0;4;20
0x005f,,,,,,wall,,
0x0060,,,,,,wall,base,0
0x0061,,,,,,wall,base,4;9;29;95;347;348;349;350;822
0x0062,,,,,,wall,terrain,0
0x0063,,,,,,wall,base,0
0x0064,door_shape_0064,Auto-derived from DOOR self-shape comparison in USECODE,,,,wall,base,0
0x0066,INVISIBLE_WALL_0066,Editor Object,,true,,wall,editor,0
0x0067,INVISIBLE_WALL_0067,Editor Object,,true,,wall,editor,0
0x0068,INVISIBLE_WALL_0068,Editor Object,,true,,wall,editor,0
0x0069,,Editor Object,,,,wall,editor,0
0x006b,,,,,,wall,terrain,1
0x006c,door_shape_006c,Auto-derived from DOOR self-shape comparison in USECODE,,,,wall,roof,1;2;9;10;11;55;75
0x006d,,,,,,wall,terrain,0
0x006e,,,,,,wall,terrain,0
0x006f,,,,,,wall,base,0
0x0070,yelrail_shape_0070,Auto-derived from YELRAIL self-shape comparison in USECODE,,,,wall,base,0
0x0071,,,,,,wall,terrain,0
0x0072,,,,,,wall,terrain,0
0x0073,,,,,,wall,terrain,0
0x0074,,,,,,wall,terrain,0
0x0075,,,,,,wall,terrain,0
0x0076,,,,,,wall,terrain,0
0x0077,,,,,,wall,terrain,0
0x0078,,,,,,wall,terrain,0
0x007a,,,,,,wall,terrain,0
0x007b,,,,,,wall,base,0
0x007c,,,,,,wall,terrain,0
0x007d,,,,,,wall,base,0
0x007e,,,,,,wall,base,0
0x007f,,,,,,wall,terrain,0
0x0080,BOX_EW,Usecode class 128 BOX_EW. Frame 0 acts like a local switch lane that dispatches TRIGGER lane 1 while map-array is clear; nonzero frames dispatch lane 0.,,,,wall,base,259;770
0x0081,,,,,,wall,base,34;785;794;796
0x0082,,,,,,wall,base,0
0x0084,,,,,,wall,terrain,0
0x0085,,,,,,wall,,
0x0086,,,,,,wall,base,0
0x0087,,,,,,wall,base,0
0x0088,yelrail_shape_0088,Auto-derived from YELRAIL self-shape comparison in USECODE,,,,wall,base,0
0x008a,yelrail_shape_008a,Auto-derived from YELRAIL self-shape comparison in USECODE,,,,wall,base,0
0x008b,yelrail_shape_008b,Auto-derived from YELRAIL self-shape comparison in USECODE,,,,wall,base,0
0x008c,yelrail_shape_008c,Auto-derived from YELRAIL self-shape comparison in USECODE,,,,wall,base,0
0x008d,yelrail_shape_008d,Auto-derived from YELRAIL self-shape comparison in USECODE,,,,wall,base,0
0x008e,,,,,,wall,terrain,0
0x008f,,,,,,wall,terrain,0
0x0091,yelrail_shape_0091,Auto-derived from YELRAIL self-shape comparison in USECODE,,,,wall,base,0
0x0092,yelrail_shape_0092,Auto-derived from YELRAIL self-shape comparison in USECODE,,,,wall,base,0
0x0093,yelrail_shape_0093,Auto-derived from YELRAIL self-shape comparison in USECODE,,,,wall,base,0
0x0094,,,,,,wall,terrain,0
0x0095,,,,,,wall,base,0
0x0096,,,,,,wall,terrain,0
0x0097,,,,,,wall,base,0
0x0098,,,,,,wall,base,5;8;17;20;22;24;27;46;57;77;88
0x009a,,,,,,wall,terrain,0
0x009b,,,,,,wall,base,0
0x009d,,,,,,wall,terrain,0
0x00a0,,,,,,wall,terrain,0
0x00a1,PANELNS,Directional panel switch; use dispatches TRIGGER lane 0 when active. Editor arrows use local same-QLo cmd-link matches.,,,,wall,base,262;775;776;781;783;796;804;814;816;2833;63759
0x00a2,PANELEW,East-west panel switch; nonzero frames with clear map state forward into TRIGGER lane 0 through the local QLo link id.,,,,wall,base,13;769;770;771;773;775;779;806;822;828;23070;23326;23582
0x00a4,,,,,,wall,base,18
0x00a6,,,,,,wall,base,0
0x00a9,,,,,,wall,base,0
0x00aa,barrel_shape_00aa,Auto-derived from BARREL self-shape comparison in USECODE,,,,wall,terrain,0
0x00ac,,,,,,wall,base,0
0x00ad,,,,,,wall,,
0x00ae,,,,,,wall,base,0
0x00af,,,,,,wall,base,0
0x00b1,,,,,,wall,base,0
0x00b2,,,,,,wall,base,0
0x00b3,,,,,,wall,base,0
0x00b4,,,,,,wall,base,0
0x00b5,,,,,,wall,base,0
0x00b6,,,,,,wall,base,0
0x00b7,,,,,,wall,base,0
0x00b8,,,,,,wall,base,0
0x00b9,,,,,,wall,base,0
0x00ba,,,,,,wall,base,0
0x00bb,,,,,,wall,base,0
0x00bc,,,,,,wall,base,0
0x00bd,,,,,,wall,helper,0
0x00be,,,,,,wall,base,0
0x00bf,,,,,,wall,base,0
0x00c0,,,,,,wall,base,7
0x00c1,,,,,,wall,base,0
0x00c2,,,,,,wall,base,0
0x00c3,,,,,,wall,base,8448
0x00c4,,,,,,wall,base,0
0x00c5,,,,,,wall,base,0
0x00c6,,,,,,wall,base,0
0x00c7,,,,,,wall,base,0
0x00c8,,,,,,wall,base,0
0x00c9,,,,,,wall,base,0
0x00ca,,,,,,wall,base,0
0x00cb,,,,,,wall,base,0
0x00cc,,,,,,wall,terrain,0
0x00cd,,,,,,wall,terrain,0
0x00ce,,,,,,wall,terrain,0
0x00cf,Invisible_Wall_NE,Editor Object,,true,,wall,editor,0
0x00d0,,,,,,wall,base,0
0x00d1,,,,,,wall,terrain,0
0x00d3,,,,,,wall,base,0
0x00d4,,,,,,wall,base,0;8
0x00d5,,,,,,wall,base,0
0x00d6,,,,,,wall,terrain,0
0x00d8,,,,,,wall,terrain,0
0x00d9,,,,,,wall,,
0x00da,,,,,,wall,base,16;19
0x00db,,,,,,wall,,
0x00dc,,,,,,wall,base,0;1;3
0x00de,,,,,,wall,base,1
0x00df,,,,,,wall,base,0
0x00e0,,,,,,wall,base,0
0x00e2,,,,,,wall,base,0
0x00e3,,,,,,wall,terrain,0
0x00e4,,,,,,wall,base,0
0x00e5,,,,,,wall,terrain,0
0x00e6,,,,,,wall,base,0
0x00e7,,,,,,wall,terrain,0
0x00e9,Invisible_Wall_SW,Editor Object,,true,,wall,editor,0
0x00eb,,,,,,wall,base,0
0x00ec,,,,,,wall,base,0
0x00ee,,,,,,wall,base,0
0x00ef,,,,,,wall,terrain,0
0x00f0,,,,,,wall,terrain,0
0x00f1,,,,,,wall,base,0
0x00f2,,,,,,wall,base,0
0x00f4,,,,,,wall,base,0
0x00f5,,,,,,wall,base,0
0x00f6,,,,,,wall,terrain,0
0x00f7,,,,,,wall,terrain,0
0x00f8,,,,,,wall,terrain,0
0x00f9,,,,,,wall,terrain,0
0x00fa,,,,,,wall,terrain,0
0x00fb,,,,,,wall,terrain,0
0x00fc,,,,,,wall,terrain,0
0x00fd,,,,,,wall,terrain,0
0x00fe,,,,,,wall,terrain,0
0x00ff,,,,,,wall,base,0
0x0100,,,,,,wall,base,0
0x0101,,,,,,wall,base,0
0x0102,MONITNS,Monitor/computer object with a live MONITNS use handler.,,,,wall,base,2333;40192
0x0103,,,,,,wall,base,0
0x0104,,,,,,wall,base,0
0x0105,,,,,,wall,base,0
0x0106,,,,,,wall,base,0
0x0107,,,,,,wall,base,0
0x0108,,,,,,wall,helper,0;4;5633
0x0109,,,,,,wall,terrain,0
0x010a,,,,,,wall,terrain,0
0x010b,,,,,,wall,terrain,0
0x010c,,,,,,wall,terrain,0
0x010d,,,,,,wall,terrain,0
0x010e,,,,,,wall,terrain,0
0x010f,,,,,,wall,terrain,0
0x0110,,,,,,wall,roof,6;17;45;47;90
0x0111,,,,,,wall,helper,6;21
0x0113,,,,,,wall,helper,0;11;17;22;1553;5376;11264
0x0114,,,,,,wall,base,0
0x0115,,,,,,wall,base,0
0x0116,,,,,,wall,terrain,0
0x0117,,,,,,wall,roof,0
0x0118,,,,,,wall,roof,0
0x0119,,,,,,wall,base,0
0x011a,,,,,,wall,base,0
0x011b,,,,,,wall,terrain,0
0x011c,,,,,,wall,terrain,0
0x011d,,,,,,wall,terrain,0
0x011e,SPIDER MINE,"Retail Regret DTable: SPIDER MINE (misc_item, display frame 0x001D, MiscTable_GetNameForItemShapeNo).",,,,wall,helper,0
0x011f,,,,,,wall,terrain,0
0x0120,FASTSKIL,"Retail Regret extracted usecode class FASTSKIL. enterFastArea waits briefly, gates on map-array clear, then uses frame/difficulty to dispatch TRIGGER lanes or remap QLo by +0/+1/+2.",,,,wall,editor,0
0x0126,,,,,,wall,base,0;2;16;18;44;101
0x0127,,,,,,wall,base,0;5;15;24;25;26;27;28;31;59;61;62;63;66;67;68;69;70;71;72;73;79;80;86;88;89
0x0128,,,,,,wall,base,0;8;17;23;44
0x0129,,,,,,wall,base,6;8;17;19;28;33;40
0x012a,,,,,,wall,base,0
0x012b,,,,,,wall,terrain,0
0x012c,,,,,,wall,base,0
0x012d,,,,,,wall,base,0
0x012e,ROOF_BLACK_012E,,true,,,wall,base,0;5;10;22;27;35;50
0x012f,,,,,,wall,terrain,3;4;29;30;32;39;95
0x0130,,,,,,wall,base,0
0x0131,,,,,,wall,terrain,0
0x0132,,,,,,wall,terrain,0
0x0133,,,,,,wall,terrain,0;2;11
0x0135,,,,,,wall,terrain,1;2;3;4;5;19;20;21;22;23;24;25
0x0136,,,,,,wall,base,0
0x0137,,,,,,wall,base,0
0x0138,,,,,,wall,terrain,0
0x0139,,,,,,wall,base,0
0x013a,,,,,,wall,terrain,0
0x013d,,,,,,wall,terrain,0
0x013e,,,,,,wall,base,0
0x013f,,,,,,wall,base,0;6;9;10;21
0x0140,,,,,,wall,terrain,0
0x0142,,,,,,wall,terrain,0
0x0143,,,,,,wall,terrain,0
0x0144,,,,,,wall,terrain,0
0x0145,,,,,,wall,terrain,0
0x0146,,,,,,wall,terrain,0
0x0147,,,,,,wall,terrain,0
0x0148,,,,,,wall,terrain,0
0x0149,,,,,,wall,terrain,0
0x014a,,,,,,wall,terrain,0
0x014b,,,,,,wall,terrain,0
0x014c,,,,,,wall,terrain,0
0x014d,,,,,,wall,terrain,0
0x014e,,,,,,wall,terrain,0
0x014f,,,,,true,wall,terrain,0
0x0150,,Editor Object,,,,wall,roof,0
0x0151,barrel_shape_0151,Auto-derived from BARREL self-shape comparison in USECODE,,,,wall,base,0
0x0152,barrel_shape_0152,Auto-derived from BARREL self-shape comparison in USECODE,,,,wall,base,0
0x0153,barrel_shape_0153,Auto-derived from BARREL self-shape comparison in USECODE,,,,wall,base,0
0x0154,barrel_shape_0154,Auto-derived from BARREL self-shape comparison in USECODE,,,,wall,base,0;77
0x0155,barrel_shape_0155,Auto-derived from BARREL self-shape comparison in USECODE,,,,wall,terrain,0
0x0156,,,,,,wall,base,0;2;3;5;7;11;13;20;26;28;36;46;48;54
0x0157,,,,,,wall,terrain,0
0x0158,,,,,,wall,base,0
0x0159,,,,,,wall,base,0
0x015a,,,,,,wall,terrain,0
0x015b,,,,,,wall,base,0
0x015c,,,,,,wall,base,0
0x015d,,,,,,wall,terrain,0
0x015e,,,,,,wall,terrain,0
0x015f,,,,,,wall,terrain,0
0x0160,,,,,,wall,base,0
0x0161,,,,,,wall,base,0
0x0162,,,,,,wall,base,0
0x0163,,,,,,wall,base,0
0x0164,,,,,,wall,base,0
0x0165,MONITEW,East-west monitor/computer object with a live MONITEW use handler.,,,,wall,base,0;302;540
0x0166,,,,,,wall,base,0
0x0167,,,,,,wall,base,5;6;25
0x0168,,,,,,wall,terrain,13;20;21
0x0169,,,,,,wall,base,0
0x016a,,,,,,wall,base,0
0x016b,,,,,,wall,base,0
0x016c,,,,,,wall,base,0
0x016d,,,,,,wall,base,0
0x016f,,,,,,wall,base,6;14;57
0x0170,,,,,,wall,base,0
0x0171,,,,,,wall,terrain,0
0x0172,,,,,,wall,terrain,0
0x0173,,,,,,wall,terrain,0
0x0174,,,,,,wall,base,0;1;5;8;15;19;258;263
0x0175,OOB_WALL_BLACK_0175,,,,true,wall,base,0
0x0176,,,,,,wall,terrain,0
0x0177,OOB_WALL_BLACK_0177,,,,true,wall,base,0
0x0178,OOB_WALL_BLACK_0178,,,,true,wall,base,0
0x0179,OOB_WALL_BLACK_0179,,,,true,wall,base,0
0x017a,OOB_WALL_BLACK_017A,,,,true,wall,base,0
0x017b,OOB_WALL_BLACK_017B,,,,true,wall,base,0
0x017c,OOB_WALL_BLACK_017C,,,,true,wall,base,0
0x017d,OOB_WALL_BLACK_017D,,,,true,wall,base,0
0x017e,OOB_WALL_BLACK_017E,,,,true,wall,base,0
0x017f,,,,,,wall,base,0
0x0180,,,,,,wall,base,0
0x0181,,,,,,wall,base,0
0x0182,,,,,,wall,terrain,0
0x0183,,,,,,wall,base,0
0x0184,,,,,,wall,base,0
0x0185,,,,,,wall,terrain,0
0x0186,,,,,,wall,base,0
0x0187,,,,,,wall,base,0
0x0188,,,,,,wall,terrain,0
0x0189,,,,,,wall,base,0
0x018a,,,,,,wall,roof,0;57
0x018b,,,,,,wall,base,0
0x018c,,,,,,wall,terrain,51277;51278;51457;51490;63779
0x018d,,,,,,wall,roof,20
0x018e,,,,,,wall,terrain,0
0x018f,,,,,,wall,base,0
0x0190,,,,,,wall,base,101;102;137;204;650
0x0191,RADIATION SHIELD,"Retail Regret DTable: RADIATION SHIELD (misc_item, display frame 0x0021, MiscTable_GetNameForItemShapeNo).",,,,wall,helper,5645
0x0192,,,,,,wall,base,0
0x0193,,,,,,wall,base,47
0x0194,,Editor Object,,,,wall,egg,1;30;101;102;131;137;138;250;286
0x0195,,,,,,wall,base,0
0x0196,,,,,,wall,base,2;3;8;10;12;18;31;266
0x0197,,,,,,wall,base,0
0x0198,XP-5,"Retail Regret DTable: XP-5 (weapon, display frame 0x0010, Weapon_GetNameForShapeNo).",,,,wall,base,0
0x0199,,,,,,wall,terrain,293;529;785
0x019a,,,,,,wall,base,4;5;8;10;13;14;34;25615;25616;25617
0x019b,,,,,,wall,helper,31;25622;25626;25629;25630;25631;25632
0x019c,,,,,,wall,helper,13;25;26
0x019d,,,,,,wall,terrain,0
0x019e,,,,,,wall,terrain,0
0x019f,,,,,,wall,base,0
0x01a0,,,,,,wall,base,0
0x01a2,,,,,,wall,base,0;21
0x01a3,,,,,,wall,base,0
0x01a4,,,,,,wall,base,0
0x01a5,,,,,,wall,base,0
0x01a6,,,,,,wall,base,0
0x01a7,,,,,,wall,base,0;8
0x01a8,,,,,,wall,base,0;17;30;44
0x01a9,,,,,,wall,base,0
0x01ab,,,,,,wall,base,3;35
0x01ac,,,,,,wall,terrain,0
0x01ad,,,,,,wall,terrain,0
0x01ae,,,,,,wall,terrain,0
0x01af,,,,,,wall,terrain,0
0x01b0,,,,,,wall,terrain,0
0x01b1,,,,,,wall,terrain,0
0x01b2,,,,,,wall,terrain,0
0x01b3,,,,,,wall,terrain,0
0x01b4,booty_shape_01b4,Auto-derived from BOOTY self-shape comparison in USECODE,,,,wall,helper,0
0x01b5,,,,,,wall,terrain,0
0x01b6,,,,,,wall,helper,265;272
0x01b7,,,,,,wall,helper,6;293
0x01b8,,,,,,wall,helper,265;272;276;281;26669
0x01b9,,,,,,wall,helper,5637;5638;31251;34064
0x01ba,,,,,,wall,helper,0;1
0x01bb,,,,,,wall,base,0
0x01bc,,,,,,wall,roof,0
0x01bd,,,,,,wall,terrain,0
0x01be,,,,,,wall,terrain,0
0x01bf,,,,,,wall,terrain,0;69
0x01c1,,,,,,wall,terrain,0
0x01c2,,,,,,wall,base,70;325
0x01c3,,,,,,wall,base,0
0x01c4,,,,,,wall,base,0
0x01c5,,,,,,wall,base,0
0x01c6,,,,,,wall,roof,1;7;37;38
0x01c7,,,,,,wall,base,13
0x01c8,,,,,,wall,terrain,1;2;3;5;6;7;8
0x01c9,,,,,,wall,base,70
0x01ca,,,,,,wall,terrain,0
0x01cb,,,,,,wall,base,576
0x01cc,,,,,,wall,base,265
0x01cd,,,,,,wall,helper,0;11;798;2816
0x01ce,,,,,,wall,base,31;38
0x01cf,,,,,,wall,base,268
0x01d0,,,,,,wall,base,278
0x01d1,,,,,,wall,base,278;521
0x01d2,,,,,,wall,base,276;290
0x01d3,,,,,,wall,base,257;276;290
0x01d4,,,,,,wall,terrain,0
0x01d5,,,,,,wall,base,1;12;20;34
0x01d6,,Editor Object,,,,wall,editor,0
0x01d7,,,,,,wall,helper,261;272;287;309
0x01d9,,,,,,wall,base,0
0x01da,,,,,,wall,terrain,0
0x01db,TELEPORTER_LIGHTS,,,,,wall,terrain,113
0x01dc,,,,,,wall,terrain,0
0x01dd,,,,,,wall,terrain,0
0x01de,,,,,,wall,terrain,0
0x01df,,,,,,wall,terrain,0
0x01e0,,,,,,wall,terrain,0
0x01e1,,,,,,wall,terrain,0
0x01e2,,,,,,wall,terrain,0
0x01e3,,,,,,wall,terrain,0
0x01e4,,,,,,wall,terrain,0
0x01e5,,,,,,wall,base,0
0x01e6,,,,,,wall,terrain,0
0x01e7,,,,,,wall,terrain,0
0x01e8,,,,,,wall,terrain,0
0x01e9,,,,,,wall,base,0
0x01ea,,,,,,wall,base,0
0x01eb,,,,,,wall,terrain,0
0x01ee,,,,,,wall,terrain,11;130;131;132
0x01ef,,,,,,wall,terrain,0
0x01f0,,,,,,wall,base,0
0x01f1,,,,,,wall,terrain,0
0x01f3,,,,,,wall,base,0
0x01f4,,,,,,wall,base,0
0x01f5,,,,,,wall,,
0x01f6,,,,,,wall,base,0
0x01f7,,,,,,wall,base,0
0x01f8,,,,,,wall,terrain,0
0x01f9,,,,,,wall,base,0
0x01fa,,,,,,wall,terrain,0
0x01fb,,,,,,wall,base,0
0x01fd,,,,,,wall,terrain,0
0x01fe,,,,,,wall,terrain,0
0x0200,,,,,,wall,base,0
0x0201,,,,,,wall,base,0
0x0202,,,,,,wall,base,0
0x0204,,,,,,wall,base,0
0x0205,,,,,,wall,base,0
0x0206,,,,,,wall,base,0
0x0207,,,,,,wall,base,0
0x0208,,,,,,wall,base,0
0x020a,,,,,,wall,base,0
0x020b,,,,,,wall,terrain,0
0x020c,,,,,,wall,terrain,0
0x020d,,,,,,wall,base,0
0x020e,,,,,,wall,terrain,0
0x020f,,,,,,wall,terrain,0
0x0210,,,,,,wall,terrain,0
0x0211,,,,,,wall,terrain,0
0x0212,,,,,,wall,base,1;7;23;54;67
0x0213,,,,,,wall,base,18;29;31
0x0214,,,,,,wall,terrain,0
0x0216,,,,,,wall,terrain,0
0x0217,,,,,,wall,terrain,0
0x0218,,,,,,wall,terrain,0
0x0219,,,,,,wall,terrain,0
0x021a,Roof_Black_2,,true,,,wall,base,2;3;4;5;7;8;9;10;15;16;22;27;30;38;50
0x021b,,,,,,wall,base,0
0x021d,,,,,,wall,terrain,19
0x021e,,,,,,wall,terrain,0
0x021f,,,,,,wall,base,0
0x0220,,,,,,wall,base,0
0x0221,,,,,,wall,terrain,0
0x0222,,,,,,wall,terrain,0
0x0223,,,,,,wall,terrain,0
0x0224,,,,,,wall,terrain,0
0x0225,,,,,,wall,terrain,0
0x0226,,,,,,wall,terrain,0
0x0227,,,,,,wall,terrain,2;8;21;28;32;74;98;25716
0x022c,,,,,,wall,terrain,65316
0x022d,,,,,,wall,base,11
0x0230,,,,,,wall,terrain,0
0x0231,,,,,,wall,terrain,0
0x0232,,,,,,wall,base,0
0x0233,,,,,,wall,base,0
0x0234,,,,,,wall,base,0
0x0235,,,,,,wall,base,0
0x0236,,,,,,wall,base,0
0x0237,,,,,,wall,base,0
0x0239,,,,,,wall,base,0
0x023b,,,,,,wall,base,0
0x023c,,,,,,wall,base,0
0x023d,,,,,,wall,terrain,0
0x023e,,,,,,wall,terrain,0
0x0240,,,,,,wall,base,32791
0x0241,,,,,,wall,base,0;3;33;34;5638
0x0244,,,,,,wall,base,0
0x0245,,,,,,wall,base,0
0x0246,,,,,,wall,base,0
0x0247,,,,,,wall,base,0
0x0248,,,,,,wall,base,0
0x0249,,,,,,wall,base,101
0x024a,,,,,,wall,base,0
0x024b,,,,,,wall,base,0
0x024c,,,,,,wall,terrain,0
0x024d,,,,,,wall,terrain,0
0x024e,,,,,,wall,terrain,0
0x024f,,,,,,wall,terrain,0
0x0250,,,,,,wall,base,0
0x0251,VALUEBOX,Local monitor/security/keypad payload box,,,,wall,editor,4;20;3100;3357;3875;4107;4130;4362;4893;4910;39973
0x0254,,,,,,wall,base,0
0x0256,,,,,,wall,base,0
0x0257,,,,,,wall,base,0
0x0258,,,,,,wall,base,0
0x025a,,,,,,wall,base,0
0x025d,,,,,,wall,terrain,0
0x025e,,,,,,wall,terrain,0
0x025f,,,,,,wall,helper,1566
0x0260,,,,,,wall,helper,0;5632;25649
0x0263,,,,,,wall,base,0
0x0264,,,,,,wall,base,0
0x0265,,,,,,wall,base,0
0x0266,,,,,,wall,base,0
0x0267,,,,,,wall,base,0
0x0268,,,,,,wall,base,0
0x026a,,,,,,wall,base,0
0x026b,,,,,,wall,base,0
0x026c,,,,,,wall,base,0
0x026f,,,,,,wall,base,0
0x0270,,,,,,wall,base,0
0x0271,,,,,,wall,base,0
0x0272,,,,,,wall,base,0
0x0275,,,,,,wall,base,0
0x0277,,,,,,wall,base,0
0x0278,,,,,,wall,,
0x027b,,,,,,wall,roof,0
0x027c,,,,,,wall,terrain,0
0x027d,,,,,,wall,terrain,0
0x027e,,,,,,wall,terrain,0
0x027f,,,,,,wall,terrain,0
0x0280,,,,,,wall,terrain,0
0x0281,,,,,,wall,terrain,0
0x0282,,,,,,wall,terrain,0
0x0283,,,,,,wall,terrain,0
0x0284,,,,,,wall,terrain,0
0x0285,,,,,,wall,terrain,0
0x0287,,,,,,wall,,
0x0288,,,,,,wall,base,0
0x0289,,,,,,wall,,
0x028b,,,,,,wall,terrain,29
0x028c,,,,,,wall,base,40;41;42
0x028d,,,,,,wall,,
0x028e,,,,,,wall,base,0
0x028f,FORCEFIELD_FLOOR_028F,,,true,,wall,base,0
0x0290,,Editor Object,,true,,wall,editor,22;23;24;25;26;27;28;29;30;31;7957
0x0292,,,,,,wall,terrain,9;15;284
0x0293,,,,,,wall,terrain,33;36
0x0295,,,,,,wall,base,0
0x0298,,,,true,,wall,roof,0
0x0299,,,,,,wall,base,0
0x029a,,,,,,wall,base,0
0x029d,,,,,,wall,base,0
0x029f,,,,,,wall,terrain,0
0x02a0,,,,,,wall,base,0
0x02a2,,,,,,wall,base,0
0x02a3,,,,,,wall,base,3;4;9;29;30;95;292
0x02a4,,,,,,wall,terrain,0
0x02a5,,,,,,wall,base,0
0x02a6,,,,,,wall,base,0
0x02a8,,,,,,wall,base,0
0x02ab,,,,,,wall,terrain,0
0x02ac,,,,,,wall,base,0
0x02ad,,,,,,wall,terrain,0
0x02b3,,,,,,wall,terrain,0
0x02b4,,,,,,wall,base,0
0x02b6,,,,,,wall,base,0
0x02b9,,,,,,wall,base,0
0x02ba,,,,,,wall,base,0
0x02bb,,,,,,wall,base,0
0x02bc,,,,,,wall,base,0
0x02bd,,,,,,wall,base,0
0x02be,,,,,,wall,base,0
0x02bf,,,,,,wall,base,0
0x02c0,,,,,,wall,base,0
0x02c1,,,,,,wall,base,0
0x02c2,,,,,,wall,base,0
0x02c3,,,,,,wall,helper,0
0x02c4,,,,,,wall,base,0
0x02c7,,,,,,wall,base,0
0x02c8,,,,,,wall,terrain,0
0x02c9,bbetty_shape_02c9,Auto-derived from BBETTY self-shape comparison in USECODE,,,,wall,,
0x02ca,,,,,,wall,terrain,0
0x02cb,,,,,,wall,helper,0
0x02d7,,,,,,wall,base,0;2
0x02d8,door_shape_02d8,Auto-derived from DOOR self-shape comparison in USECODE,,,,wall,roof,15;28;29
0x02d9,,,,,,wall,base,0
0x02dc,,,,,,wall,terrain,0
0x02dd,,,,,,wall,base,0
0x02de,,,,,,wall,terrain,0
0x02df,booty_shape_02df,Auto-derived from BOOTY self-shape comparison in USECODE,,,,wall,helper,0
0x02e0,,,,,,wall,base,0
0x02e1,,,,,,wall,terrain,0
0x02e2,,,,,,wall,base,0
0x02e3,,,,,,wall,base,0
0x02e4,,,,,,wall,base,0
0x02e5,,,,,,wall,base,7;31;37
0x02e6,,,,,,wall,terrain,0
0x02e7,,,,,,wall,base,0
0x02e8,,,,,,wall,base,0
0x02e9,,,,,,wall,base,0
0x02eb,,,,,,wall,terrain,0
0x02ec,,,,,,wall,terrain,0
0x02ed,,,,,,wall,base,0
0x02ee,,,,,,wall,base,0
0x02ef,,,,,,wall,terrain,0
0x02f0,,,,,,wall,helper,5632;28463;31248
0x02f1,,,,,,wall,base,11;13;18
0x02f3,,,,,,wall,roof,0
0x02f4,,,,,,wall,base,0
0x02f5,,,,,,wall,base,0
0x02f6,,,,,,wall,base,0
0x02f7,,,,,,wall,base,0
0x02f8,,,,true,,wall,roof,0
0x02f9,,,,,,wall,roof,0
0x02fa,,,,,,wall,roof,0
0x02fe,,,,,,wall,terrain,0
0x02ff,,,,,,wall,base,0
0x0300,,,,,,wall,terrain,0
0x0301,,,,,,wall,,
0x0302,,,,,,wall,base,0
0x0303,,,,,,wall,terrain,0
0x0304,,,,,,wall,terrain,0
0x0305,,,,,,wall,base,0
0x0307,,,,,,wall,base,0
0x0308,booty_shape_0308,Auto-derived from BOOTY self-shape comparison in USECODE,,,,wall,helper,0
0x0309,,,,,,wall,base,0
0x030b,,,,,,wall,base,773
0x030c,,,,,,wall,helper,0
0x030d,,,,,,wall,base,0
0x030e,,,,,,wall,base,0
0x030f,,,,,,wall,base,0
0x0310,,,,,,wall,base,0
0x0312,,,,,,wall,base,0
0x0313,,,,,,wall,terrain,0
0x0314,,,,,,wall,base,0
0x0315,,,,,,wall,terrain,0;4
0x0316,,,,,,wall,roof,0
0x0318,CRUMORPH,NPC-control morph pad; equip scans nearby NPCs for a local-Qlo control key match,,,,wall,editor,31;39;89
0x0319,,,,,,wall,helper,0
0x031b,,,,,,wall,terrain,0
0x031d,CARD_NS,Keycard switch; SWITCH::ordinal21 reads QLo as the card id and dispatches TRIGGER lane 0 or 1.,,,,wall,base,798
0x031e,,,,,,wall,base,774;789
0x0329,,,,,,wall,base,0
0x032a,,,,,,wall,base,0
0x032b,,,,,,wall,base,0
0x032e,BA-40,"Retail Regret DTable: BA-40 (weapon, display frame 0x0002, Weapon_GetNameForShapeNo).",,,,wall,,
0x032f,BA-41,"Retail Regret DTable: BA-41 (weapon, display frame 0x0001, Weapon_GetNameForShapeNo).",,,,wall,,
0x0330,PA-21,"Retail Regret DTable: PA-21 (weapon, display frame 0x0007, Weapon_GetNameForShapeNo).",,,,wall,,
0x0332,SG-A1,"Retail Regret DTable: SG-A1 (weapon, display frame 0x0000, Weapon_GetNameForShapeNo).",,,,wall,base,0
0x0333,RP-22,"Retail Regret DTable: RP-22 (weapon, display frame 0x0006, Weapon_GetNameForShapeNo).",,,,wall,terrain,0
0x0334,RP-32,"Retail Regret DTable: RP-32 (weapon, display frame 0x0005, Weapon_GetNameForShapeNo).",,,,wall,base,0
0x0335,,,,true,,wall,roof,0
0x0336,,Editor Object,,true,,wall,editor,32;33;34;35;36;37;101;102;103;104;105;106;107;109;110;111;112;113;114;115;287;9502;29540;29548
0x0337,PLACEHOLDER_CUBE_0337,,,true,,wall,editor,65302;65303;65304;65305
0x0338,,,,,,wall,helper,0
0x0339,,,,,,wall,base,0
0x033a,NUMBERS,Tiny glyph-like number/readout helper family. Sampled scenes place these beside nearby 0x0501/0x0502/0x0503/0x0505/0x0507 display pieces rather than cmd-link controllers.,,,,wall,editor,3
0x033c,,,,,,wall,terrain,0
0x033d,BA-41 CLIP,"Retail Regret DTable: BA-41 CLIP (ammo, display frame 0x0008, Ammo_GetNameForShapeNo).",,,,wall,,
0x033e,SG-A1 CLIP,"Retail Regret DTable: SG-A1 CLIP (ammo, display frame 0x000A, Ammo_GetNameForShapeNo).",,,,wall,base,1
0x033f,RP-32 CLIP,"Retail Regret DTable: RP-32 CLIP (ammo, display frame 0x0009, Ammo_GetNameForShapeNo).",,,,wall,base,1;12
0x0340,AR-7 CLIP,"Retail Regret DTable: AR-7 CLIP (ammo, display frame 0x000B, Ammo_GetNameForShapeNo).",,,,wall,base,14
0x0341,GL-303 CLIP,"Retail Regret DTable: GL-303 CLIP (ammo, display frame 0x000C, Ammo_GetNameForShapeNo).",,,,wall,base,1
0x0342,,,,,,wall,terrain,0
0x0343,GRENADE,"Retail Regret DTable: GRENADE (bomb, display frame 0x0000, MiscTable_GetNameForBombShapeNo).",,,,wall,,
0x0344,,,,,,wall,base,0
0x0345,,,,,,wall,terrain,0
0x0346,,,,,,wall,base,0
0x034a,,,,,,wall,terrain,0
0x034b,,,,,,wall,base,5;15;24;25;26;27;28;31;59;61;62;63;66;67;68;69;70;71;72;73;79;80;86;88;89
0x034c,,,,,,wall,base,0
0x034e,,,,,,wall,terrain,0
0x034f,,,,,,wall,roof,0
0x0350,EMP GRENADE,"Retail Regret DTable: EMP GRENADE (bomb, display frame 0x0003, MiscTable_GetNameForBombShapeNo).",,,,wall,,
0x0351,MEDICAL KIT,"Retail Regret DTable: MEDICAL KIT (misc_item, display frame 0x0000, MiscTable_GetNameForItemShapeNo).",,,,wall,helper,0
0x0352,,,,,,wall,base,0
0x0353,,,,,,wall,base,5;8;16;30;49;254
0x0354,,,,,,wall,base,0
0x0355,,,,,,wall,base,0
0x0356,,,,,,wall,base,0
0x0357,,,,,,wall,base,1;18;22;29;30;31;32;40;257;776;51226;51231;51661
0x035a,,,,,,wall,base,0
0x035b,,,,,,wall,base,0
0x035c,,,,,,wall,base,0
0x035d,,,,,,wall,base,0
0x035e,,,,,,wall,terrain,0
0x035f,,,,,,wall,terrain,0
0x0361,,,,,,wall,editor,6;8;9;16;47;54;67;77;281;291;302;513;516;546;777;813;867;3339;3354;6421;6934;7175;31310
0x0362,,,,,,wall,terrain,0
0x0363,NPCTRIG,Compact NPC-trigger event object; slot 0x0A is the strongest active-event body and slot 0x20 is the paired helper lane.,,,,wall,base,10
0x0364,,,,,,wall,terrain,0
0x0365,CRUZTRIG,Trigger/helper object; the recovered active body is CRUZTRIG gotHit.,,,,wall,terrain,32
0x0366,NPC_ONLY,NPC-only trigger pad; gotHit compares the pad QLo against an internal NPC actor key and brackets TRIGGER lane 0 or 1 while the matching NPC occupies the pad.,,,,wall,terrain,95;769;774;804;816;1588;2067;2076;2085;2096;2118;2817;8240;9264;11300;14646;17157;37910
0x0367,VMAIL,Voice/mail helper object with a live slot-0x0A body.,,,,wall,base,40;780
0x0368,,,,,,wall,base,2;7;10;16;22;24;27
0x0369,,,,,,wall,base,0
0x036a,,,,,,wall,base,0
0x036b,,,,,,wall,base,0
0x036c,,,,,,wall,terrain,0
0x0370,,,,,,wall,base,0
0x0371,booty_shape_0371,Auto-derived from BOOTY self-shape comparison in USECODE,,,,wall,helper,0
0x0372,,,,,,wall,base,0
0x0373,,,,,,wall,helper,0;67;5632;8448
0x0375,,,,,,wall,terrain,0
0x0376,,,,,,wall,base,0
0x0377,,,,,,wall,terrain,0
0x0378,,,,,,wall,terrain,0
0x0379,,,,,,wall,base,0
0x037a,door_shape_037a,Auto-derived from DOOR self-shape comparison in USECODE,,,,wall,base,34
0x037b,,,,,,wall,base,0
0x037d,,,,,,wall,base,0
0x037e,,,,,,wall,base,1;3;9;17
0x037f,,,,,,wall,base,0
0x0380,,,,,,wall,base,0
0x0381,,,,,,wall,base,0
0x0382,,,,,,wall,roof,0
0x0383,,,,,,wall,helper,0
0x0384,,,,,,wall,base,0
0x0385,,,,,,wall,helper,0
0x0386,UV-9,"Retail Regret DTable: UV-9 (weapon, display frame 0x000B, Weapon_GetNameForShapeNo).",,,,wall,base,0
0x0387,,,,,,wall,base,0
0x0388,GL-303,"Retail Regret DTable: GL-303 (weapon, display frame 0x0008, Weapon_GetNameForShapeNo).",,,,wall,base,0
0x0389,,,,,,wall,base,0
0x038a,PA-31,"Retail Regret DTable: PA-31 (weapon, display frame 0x0009, Weapon_GetNameForShapeNo).",,,,wall,base,0
0x038b,AC-88,"Retail Regret DTable: AC-88 (weapon, display frame 0x0004, Weapon_GetNameForShapeNo).",,,,wall,base,0
0x038c,EM-4,"Retail Regret DTable: EM-4 (weapon, display frame 0x0003, Weapon_GetNameForShapeNo).",,,,wall,base,0
0x038d,PL-1,"Retail Regret DTable: PL-1 (weapon, display frame 0x000A, Weapon_GetNameForShapeNo).",,,,wall,base,0
0x038e,AR-7,"Retail Regret DTable: AR-7 (weapon, display frame 0x000C, Weapon_GetNameForShapeNo).",,,,wall,base,0
0x038f,,,,,,wall,base,0
0x0390,,,,,,wall,base,0
0x0393,,,,,,wall,base,4;11;15;22;32;50
0x0395,,,,,,wall,roof,0
0x0397,,,,,,wall,terrain,16;45;53
0x0399,,,,,,wall,helper,0
0x039a,LAND MINE,"Retail Regret DTable: LAND MINE (bomb, display frame 0x0005, MiscTable_GetNameForBombShapeNo).",,,,wall,terrain,1
0x039b,,,,,,wall,roof,0
0x039c,FUSION PAC,"Retail Regret DTable: FUSION PAC (bomb, display frame 0x0006, MiscTable_GetNameForBombShapeNo).",,,,wall,terrain,513
0x039d,,,,,,wall,base,0
0x039e,,,,,,wall,terrain,0
0x039f,,,,,,wall,terrain,0
0x03a1,,,,,,wall,helper,5;2816
0x03a2,CHEMICAL BATTERY,"Retail Regret DTable: CHEMICAL BATTERY (misc_item, display frame 0x0016, MiscTable_GetNameForItemShapeNo).",,,,wall,helper,1
0x03a3,FUSION BATTERY,"Retail Regret DTable: FUSION BATTERY (misc_item, display frame 0x0015, MiscTable_GetNameForItemShapeNo).",,,,wall,helper,0
0x03a4,FISSION BATTERY,"Retail Regret DTable: FISSION BATTERY (misc_item, display frame 0x0017, MiscTable_GetNameForItemShapeNo).",,,,wall,helper,0
0x03a6,,,,,,wall,roof,2;3;4;5;62;63;64;65;66;67;1537;1542;17724;17733;39229;49476
0x03a7,OOB_WALL_BLACK_03A7,,,,true,wall,base,13;17;23;24;57
0x03a8,,,,,,wall,base,21
0x03a9,,,,,,wall,editor,285
0x03aa,SPANEL,Switch panel; use dispatches TRIGGER lane 0 and BRO_BOOT toggles nearby SPANEL helpers by shared QLo.,,,,wall,terrain,3;13;30;39
0x03ab,,,,,,wall,base,0
0x03ac,,,,,,wall,helper,0
0x03ad,,,,,,wall,terrain,78;120;121;122;123
0x03ae,,,,,,wall,terrain,0
0x03af,,,,,,wall,base,20
0x03b0,,,,,,wall,base,6
0x03b1,,,,,,wall,base,46
0x03b2,,,,,,wall,base,20;21
0x03b3,,,,,,wall,base,12
0x03b4,,,,,,wall,base,12
0x03b5,,,,,,wall,base,36;91;92;93
0x03b6,,,,,,wall,base,28
0x03b7,,,,,,wall,terrain,0
0x03b8,,,,,,wall,base,0
0x03b9,door_shape_03b9,Auto-derived from DOOR self-shape comparison in USECODE,,,,wall,base,25
0x03ba,door_shape_03ba,Auto-derived from DOOR self-shape comparison in USECODE,,,,wall,base,2;4;10;33;34
0x03bb,,,,,,wall,terrain,0
0x03bc,,,,,,wall,base,0
0x03bd,,,,,,wall,base,0
0x03be,,,,,,wall,base,0
0x03bf,,,,,,wall,terrain,0
0x03c0,,,,,,wall,terrain,0
0x03c1,GENERATR,Destroyable generator/controller; gotHit dispatches TRIGGER lane 0 from the source item,,,,wall,terrain,terrain
0x03c2,,,,,,wall,terrain,0
0x03c3,,,,,,wall,terrain,0
0x03c4,,,,,,wall,base,0
0x03c6,,,,,,wall,base,14;18;24;29;31
0x03c8,,,,,,wall,base,0
0x03c9,,,,,,wall,base,0
0x03ca,,,,,,wall,base,0
0x03cb,,,,,,wall,base,0
0x03cc,,,,,,wall,base,0
0x03cd,,,,,,wall,base,0
0x03d4,,,,,,wall,terrain,0
0x03d6,,,,,,wall,terrain,0
0x03d7,,,,,,wall,terrain,0
0x03d9,,,,,,wall,terrain,0
0x03da,,,,,,wall,terrain,0
0x03db,,,,,,wall,base,0
0x03dc,,,,,,wall,base,0
0x03dd,,,,,,wall,terrain,0
0x03df,,,,,,wall,base,0
0x03e0,,,,,,wall,terrain,0
0x03e4,,,,,,wall,base,0
0x03e5,,,,,,wall,base,0
0x03e6,,,,,,wall,base,0
0x03e7,,,,,,wall,base,22;23;24;25
0x03e8,,,,,,wall,base,0
0x03ec,,,,,,wall,base,0
0x03ed,,,,,,wall,base,0
0x03ee,,,,,,wall,base,0
0x03ef,,,,,,wall,base,0
0x03f0,,,,,,wall,base,0;4
0x03f1,,,,,,wall,terrain,0
0x03f2,,,,,,wall,terrain,0
0x03f3,,,,,,wall,terrain,0
0x03f4,,,,,,wall,terrain,0
0x03f5,,,,,,wall,terrain,0
0x03f6,,,,,,wall,terrain,0
0x03f7,,,,,,wall,base,0
0x03f9,,,,,,wall,base,0
0x03fa,,,,,,wall,base,0
0x03fb,,,,,,wall,base,776;796
0x03fc,,,,,,wall,base,7
0x03fd,,,,,,wall,base,0
0x03fe,,,,,,wall,base,0
0x03ff,,,,,,wall,base,0
0x0401,,,,,,wall,,
0x0403,FLAMEBOX,Flame controller; scans nearby flame helper shapes by shared QLo and can swap them into active flame actors.,,,,wall,editor,8;18;22;23;24;25;26;27
0x0404,,,,,,wall,base,0
0x0405,,,,,,wall,base,0
0x0406,,,,,,wall,base,0
0x0407,,,,,,wall,roof,0
0x0408,,,,,,wall,terrain,0
0x040a,,,,,,wall,base,0
0x040b,,,,,,wall,base,0
0x040d,,,,,,wall,terrain,0
0x040e,,,,,,wall,terrain,0
0x040f,,,,,,wall,terrain,0
0x0410,,,,,,wall,terrain,0
0x0411,,,,,,wall,terrain,0
0x0412,,,,true,,wall,roof,0
0x0413,,,,,,wall,roof,42;43;44;45;46;11816;41257
0x0414,,,,,,wall,base,0
0x041a,,,,,,wall,base,38
0x041b,,,,,,wall,base,1;2;3;4;5;6;7
0x041c,,,,,,wall,base,22;23
0x041e,,,,,,wall,base,0
0x041f,,,,,,wall,base,0
0x0420,,,,,,wall,base,0
0x0421,,,,,,wall,base,0
0x0422,,,,,,wall,base,0
0x0423,,,,,,wall,base,0
0x0424,,,,,,wall,base,0
0x0425,,,,,,wall,base,0
0x0427,,,,,,wall,terrain,0
0x0428,,,,,,wall,terrain,0
0x0429,,,,,,wall,terrain,0
0x042a,,,,,,wall,terrain,0
0x042b,,,,,,wall,terrain,0
0x042c,,,,,,wall,base,0
0x042d,,,,,,wall,terrain,0
0x042e,,,,,,wall,terrain,0
0x042f,,,,,,wall,base,0
0x0430,,,,,,wall,base,0
0x0431,,,,,,wall,base,0
0x0432,,,,,,wall,terrain,0
0x0433,,,,,,wall,base,0
0x0434,,,,,,wall,base,0
0x0435,,,,,,wall,base,0
0x0436,,,,,,wall,base,4628
0x0437,,,,,,wall,base,0
0x0438,,,,,,wall,editor,22;23;24;25;26;27
0x0439,,,,,,wall,editor,8;18
0x043a,,,,,,wall,,
0x043b,,,,,,wall,base,2
0x043d,,,,,,wall,base,291;778;805
0x043e,,,,,,wall,terrain,9
0x043f,,,,,,wall,base,0
0x0440,,,,,,wall,base,0
0x0441,,,,,,wall,terrain,0
0x0442,,,,,,wall,base,0
0x0443,,,,,,wall,base,0
0x0444,,,,,,wall,base,4
0x0446,,,,,,wall,base,0
0x0447,,,,,,wall,terrain,5;3075;3076
0x0448,,,,,,wall,terrain,0
0x0449,,,,,,wall,terrain,0
0x044a,,,,,,wall,,
0x044b,,,,,,wall,base,260;788;797
0x044c,,,,,,wall,base,777;867
0x044d,Zappy_Surface_SW_044D,,,true,,wall,editor,3;8;9;10
0x044e,,,,,,wall,editor,8;9;10
0x044f,,,,,,wall,base,0
0x0450,,,,,,wall,base,0
0x0451,CRAZYEW,Usecode class CRAZYEW. Regret-only gotHit relay that wakes or re-arms nearby NPCs when hit with an actor handle.,,,,wall,editor,0
0x0452,,,,,,wall,helper,63781
0x0454,,,,,,wall,base,0
0x0455,,,,,,wall,base,0
0x0456,,,,,,wall,,
0x0457,,,,,,wall,helper,32;293
0x0458,,,,,,wall,terrain,0
0x0459,,,,,,wall,,
0x045a,,,,,,wall,,
0x045b,,,,,,wall,base,0
0x045c,,,,,,wall,base,0
0x045d,,,,,,wall,helper,0
0x045f,,,,,,wall,base,0
0x0461,,,,,,wall,base,0
0x0462,,,,,,wall,base,0
0x0463,,,,,,wall,base,0
0x0464,,,,,,wall,base,0
0x0465,,,,,,wall,base,0
0x0466,,,,,,wall,terrain,65293
0x0467,,,,,,wall,base,0
0x0468,,,,,,wall,base,0
0x0469,,,,,,wall,base,0
0x046a,,,,,,wall,base,0;14;16;23
0x046b,,,,,,wall,base,16;22;23;28;30
0x046c,,,,,,wall,base,0;18;28;30
0x046d,,,,,,wall,base,0
0x046e,,,,,,wall,base,0
0x046f,,,,,,wall,base,0
0x0470,,,,,,wall,base,0
0x0471,,,,,,wall,base,0
0x0474,,,,,,wall,base,0
0x0475,,,,,,wall,base,0
0x0476,,,,,,wall,editor,2;4;6;9;10;13;15;16;18;19;22;23;25;26;27;31;32;33;35;37;43;56;74;75;76;77;84;85;87;94;100;111;5709;5710;31309;31310
0x0477,ALARM_BOX_0477,,,,,wall,base,0;1;6;9;16;20;25;37;45;53
0x0478,,,,,,wall,base,0
0x0479,,,,,,wall,base,0
0x047a,,,,,,wall,base,0
0x047b,,,,,,wall,roof,0
0x047c,,,,,,wall,roof,0
0x047e,,,,,,wall,terrain,0
0x047f,,,,,,wall,terrain,0
0x0480,,,,,,wall,terrain,0
0x0481,,,,,,wall,terrain,0
0x0482,,,,,,wall,terrain,0
0x0483,,,,,,wall,terrain,0
0x048b,,,,,,wall,base,0
0x048d,,,,,,wall,base,0
0x0493,,,,,,wall,base,2
0x049c,,,,,,wall,base,0
0x049d,,,,,,wall,base,0
0x049f,,,,,,wall,base,0
0x04a2,,,,,,wall,base,0
0x04a3,,,,,,wall,base,0
0x04a6,,,,,,wall,terrain,0
0x04a7,,,,,,wall,base,0
0x04a8,,,,,,wall,base,0
0x04a9,,,,,,wall,base,0
0x04aa,,,,,,wall,base,0
0x04ab,,,,,,wall,base,0
0x04ac,,,,,,wall,base,0
0x04ad,,,,,,wall,base,0
0x04ae,,,,,,wall,base,0
0x04af,,,,,,wall,base,0
0x04b1,CMD_LINK,Trigger/link controller; local command program that dispatches TRIGGER slot 0x20 by link id,,,,wall,editor,1;3;4;5;7;8;9;10;13;16;17;18;22;23;24;25;26;27;28;29;30;31;32;35;36;37;39;41;45;49;53;70;74;75;76;81;91;92;93;94;95;256;257;258;261;262;265;266;269;270;271;272;273;276;277;278;279;280;281;282;283;284;287;290;291;292;293;301;327;333;334;337;338;513;547;770;773;785;788;794;796;804;822;823;1069;1071;1334;1537;1541;1551;1800;1801;2063;2067;2070;2090;2092;2312;2343;2575;2599;2605;2608;2614;2820;2823;2855;3079;3085;3086;3087;3088;3090;3092;3094;3095;3096;3097;3098;3111;3118;3126;3153;3410;4111;4118;4370;4625;5136;5165;5662;6454;6710;6966;7174;7197;7204;7206;7222;7452;7711;11047;11097;11300;11303;11353;13382;14134;15158;16688;16944;17153;17158;17171;17180;17188;17200;17409;17413;17414;17427;17430;17436;17456;17460;17478;17709;18707;18963;19202;19219;19250;19295;19457;19458;19473;19475;19506;19551;26677;27677;28944;30745;30746;32067;37900;51214;51215;51247;51503;64534;64535;64536;64537;65301;65302;65303;65304;65305
0x04b2,,,,,,wall,roof,0
0x04b3,,,,,,wall,roof,0
0x04b6,,,,,,wall,roof,0
0x04b7,,,,,,wall,roof,0
0x04b8,,,,,,wall,,
0x04bf,,,,,,wall,base,0
0x04c0,,,,,,wall,base,0
0x04c6,WATCHNS,Usecode class WATCHNS. Regret-only secret-door watcher that scans nearby 0x0510 posts by shared QLo.,,,,wall,base,295;345;4107;4617
0x04c7,,,,,,wall,base,0
0x04c8,,,,,,wall,helper,28420
0x04c9,TIMER,Usecode class 1225 TIMER. Fast-area timer helper whose packed mapNum:npcNum delay and qHi flags feed TRIGGER slot 0x20 through enter/leave-area arming and slot 0x20 wait logic.,,,,wall,editor,editor
0x04ca,SPECIAL,Usecode class 1226 SPECIAL. Fast-area phase helper that uses mapNum/npcNum as phase bytes and qHi as delay while feeding TRIGGER slot 0x20 and SPECIAL slot 0x21.,,,,wall,editor,editor
0x04cd,TRIGPAD,Usecode class 1229 TRIGPAD. Occupancy and surface gated trigger pad that dispatches TRIGGER lanes 0 and 1 and can also prod nearby elevator helpers.,,,,wall,terrain,3;29;30
0x04ce,,,,,,wall,terrain,0
0x04cf,,,,,,wall,base,23
0x04d0,,,,,,wall,editor,261;262;264;265;271;272;273;278;285;287;292;295;300;306;308;310;345;514;522;526;554;608;768;769;771;772;773;778;781;782;784;785;787;788;789;794;796;805;808;810;815;816;818;820;838;864;865;1280;1281;1283;1284;1285;1292;1293;1294;1300;1301;1306;1308;1317;1318;1322;1327;1329;1330;1332;1340;1341;1346;1348;1352;1353;1359;1366;1376;1379;1794;1797;1800;1802;1805;1806;1811;1813;1821;1832;1834;1839;1842;1844;1862;1888;1889;2048;2052;2056;2059;2060;2061;2062;2065;2067;2068;2069;2086;2088;2090;2092;2100;2105;2106;2108;2118;2304;2312;2316;2317;2320;2321;2323;2325;2332;2333;2340;2351;2354;2361;2362;2364;2374;2399;2400;2401;2405;2586;2588;2621;2626;2639;2816;2835;2856;3328;3329;3332;3344;3345;3347;3348;3349;3357;3366;3368;3370;3377;3380;3385;3386
0x04d1,booty_shape_04d1,Auto-derived from BOOTY self-shape comparison in USECODE,,,,wall,helper,0
0x04d4,DATA LINK,"Retail Regret DTable: DATA LINK (misc_item, display frame 0x0001, MiscTable_GetNameForItemShapeNo).",,,,wall,,
0x04d5,,,,,,wall,terrain,0
0x04d7,,,,,,wall,terrain,0
0x04d9,,,,,,wall,base,0
0x04db,,,,,,wall,base,0
0x04dc,,,,,,wall,base,0
0x04dd,,,,,,wall,base,3;122;199
0x04de,WATCHEW,Usecode class WATCHEW. East-west Regret secret-door watcher that scans nearby 0x0510 posts by shared QLo.,,,,wall,base,287;4103;4131;39779
0x04df,ROOF_BLACK_04DF,,true,,,wall,base,2;5;7;8;9;10;11;15;16;22;27;30
0x04e0,,,,,,wall,base,0
0x04e2,SFXTRIG,Compact event-bearing sound/trigger helper; slot 0x0A is the stable active body.,,,,wall,editor,13382
0x04e3,,Editor Object,,,,wall,editor,2;10;13;14;20;21;25;77;78;271
0x04e5,,,,,,wall,base,0
0x04e6,,,,,,wall,helper,0
0x04e7,DEATHBOX,NPC-death helper; exact shared DEATHBOX class in both games,,,,wall,editor,650;2067;4111;14134;19469;19473;33567;34087;47449
0x04e8,,,,,,wall,base,5
0x04e9,,,,,,wall,base,5
0x04ea,,,,,,wall,base,0
0x04ec,,,,,,wall,base,0
0x04ed,VIR IMAGER,"Retail Regret DTable: VIR IMAGER (misc_item, display frame 0x0020, MiscTable_GetNameForItemShapeNo).",,,,wall,helper,0
0x04ee,,,,,,wall,base,0
0x04ef,,,,,,wall,base,300;3116
0x04f2,,,,,,wall,terrain,0
0x04f5,,,,,,wall,terrain,0
0x04f6,,,,,,wall,base,0
0x04f8,,,,,,wall,editor,9;28;29;3087
0x04f9,,,,,,wall,,
0x04fa,,,,,,wall,base,14
0x04fc,,Editor Object,,,,wall,editor,2
0x04fd,,,,,,wall,,
0x04fe,BRO_BOOT,BRO_BOOT helper; enterFastArea toggles nearby SPANEL items by shared QLo and drives its own boot-frame animation.,,,,wall,editor,0;13056;13568;13824;17152;17408;17664;17920;18176;18432;18944;21504;23040;23296;25856;26624;29440;29696;29952;30208;30720;31488;33536;33792;34048;34304;34560;34816;35072;35328;35584;35840;36096;38656;38912;39168;39680;43008;44032;47104;50432;51200
0x0500,,,,,,wall,editor,11;12;29
0x0501,,,,,,wall,base,0
0x0502,,,,,,wall,base,0
0x0503,,,,,,wall,base,0
0x0504,,,,,,wall,base,0
0x0505,,,,,,wall,base,0
0x0506,,,,,,wall,base,0
0x0507,,,,,,wall,base,0
0x050a,,,,,,wall,,
0x050b,,,,,,wall,terrain,0
0x0510,SECRET_DOOR_POST,Regret secret-door post/helper used as the nearby target lane for WATCHNS/WATCHEW slot 0x20.,,,,wall,editor,4107;32799;32807;47193
0x0511,,,,,,wall,base,11;12
0x0514,,,,,,wall,base,0
0x0517,,,,,,wall,base,0
0x0518,,,,,,wall,,
0x051a,,,,,,wall,base,25
0x051b,OOB_WALL_BLACK_051B,,,,true,wall,base,13
0x051c,,,,,true,wall,base,13
0x051d,,,,,,wall,base,0
0x0520,,,,,,wall,base,0
0x0521,,,,,,wall,base,0
0x0522,,,,,,wall,base,0
0x0524,,,,,,wall,base,0
0x0525,,,,,,wall,base,0
0x0526,,,,,,wall,terrain,0
0x0527,,,,,,wall,terrain,0
0x0528,booty_shape_0528,Auto-derived from BOOTY self-shape comparison in USECODE,,,,wall,helper,0
0x052c,,,,,,wall,base,0
0x052d,INHIBITOR,"Retail Regret DTable: INHIBITOR (misc_item, display frame 0x0002, MiscTable_GetNameForItemShapeNo).",,,,wall,helper,0
0x052e,IONIC SHIELD,"Retail Regret DTable: IONIC SHIELD (misc_item, display frame 0x0003, MiscTable_GetNameForItemShapeNo).",,,,wall,helper,1
0x052f,PLASMA SHIELD,"Retail Regret DTable: PLASMA SHIELD (misc_item, display frame 0x0005, MiscTable_GetNameForItemShapeNo).",,,,wall,helper,0
0x0530,GRAVITON SHIELD,"Retail Regret DTable: GRAVITON SHIELD (misc_item, display frame 0x0007, MiscTable_GetNameForItemShapeNo).",,,,wall,helper,0
0x0531,,,,,,wall,terrain,0
0x0532,,,,,,wall,terrain,0
0x0533,,,,,,wall,base,0
0x0534,,,,,,wall,base,0
0x0535,,,,,,wall,terrain,0
0x0536,,,,,,wall,base,0
0x053a,,,,,,wall,editor,0;1
0x053b,door_shape_053b,Auto-derived from DOOR self-shape comparison in USECODE,,,,wall,base,80;81
0x053c,,,,,,wall,base,3
0x053d,,,,,,wall,base,0
0x053f,,,,,,wall,roof,0
0x0541,,,,,,wall,roof,0
0x0542,,,,,,wall,roof,0
0x0543,,,,,,wall,base,0
0x0544,,,,,,wall,base,0
0x0545,,,,,,wall,base,0
0x0547,,,,,,wall,base,0
0x0548,INVISIBLE_WALL_0548,Editor Object,,true,,wall,editor,0
0x0549,,,,,,wall,base,0
0x054e,,,,,,wall,terrain,0;51458
0x054f,,,,,,wall,base,13;16;22;23;43;84;87;111
0x0550,,,,,,wall,base,2;4;6;9;15;18;19;33;56;85;100
0x0552,,,,,,wall,base,0
0x0553,,,,,,wall,base,0
0x0554,,,,,,wall,base,0
0x0555,,,,,,wall,base,0
0x0556,,,,,,wall,base,0
0x0557,,,,,,wall,base,0
0x0558,,,,,,wall,base,0
0x0559,,,,,,wall,base,0
0x055b,,,,,,wall,base,0
0x055c,,,,,,wall,base,0
0x055f,DET PAC,"Retail Regret DTable: DET PAC (misc_item, display frame 0x0018, MiscTable_GetNameForItemShapeNo).",,,,wall,helper,0
0x0560,SPIDER BOMB,"Retail Regret DTable: SPIDER BOMB (bomb, display frame 0x0004, MiscTable_GetNameForBombShapeNo).",,,,wall,base,0
0x0561,,,,,,wall,editor,0;75
0x0562,,,,,,wall,base,0
0x0564,,,,true,,wall,roof,0;17;31
0x0565,,,,true,,wall,roof,3;9;16;17;31;34;35;46
0x0566,,,,,,wall,base,9;16;17
0x0567,,,,,,wall,base,31
0x056c,,,,,,wall,base,0
0x056d,VIDEOBOX,Usecode class VIDEOBOX. Regret-only gated controller whose equip body falls into ITEM.slot_21 when the video/global latch is clear.,,,,wall,editor,1
0x056e,,,,,,wall,base,0
0x056f,door_shape_056f,Auto-derived from DOOR self-shape comparison in USECODE,,,,wall,base,19;36
0x0571,door_shape_0571,Auto-derived from DOOR self-shape comparison in USECODE,,,,wall,base,2;3;6;7;9
0x0573,door_shape_0573,Auto-derived from DOOR self-shape comparison in USECODE,,,,wall,base,99
0x0574,door_shape_0574,Auto-derived from DOOR self-shape comparison in USECODE,,,,wall,base,8
0x0576,,,,,,wall,,
0x0579,,,,,,wall,terrain,0
0x057a,booty_shape_057a,Auto-derived from BOOTY self-shape comparison in USECODE,,,,wall,helper,0
0x057f,,,,,,wall,base,0
0x0580,,,,,,wall,base,0
0x0581,,Editor Object,,,,wall,editor,11
0x0582,ENERGY CUBE,"Retail Regret DTable: ENERGY CUBE (misc_item, display frame 0x0019, MiscTable_GetNameForItemShapeNo).",,,,wall,helper,0
0x0583,,,,,,wall,base,0
0x0585,,,,,,wall,base,0
0x0586,,,,,,wall,base,32768
0x0589,,,,,,wall,terrain,0
0x058a,,,,,,wall,roof,38
0x058b,,,,,,wall,base,32768;32839
0x058c,,,,,,wall,base,0
0x058d,,,,,,wall,roof,3
0x058f,,,,,,wall,,
0x0590,,,,,,wall,base,0
0x0595,,,,,,wall,base,0
0x0596,,,,,,wall,,
0x0597,,,,,,wall,base,0
0x0599,,,,,,wall,base,0
0x059e,,,,,,wall,base,0
0x059f,,,,,,wall,terrain,0
0x05a1,,,,,,wall,base,2;5;6;13;27
0x05a2,,,,,,wall,base,10
0x05a4,,,,,,wall,base,6
0x05a5,,,,,,wall,,
0x05a6,,,,,,wall,base,0
0x05aa,,,,,,wall,base,2;6;16;27;29;51
0x05ac,,,,,,wall,base,25601;25602;25603;25604;25605;25606;25607;25635;25636;25637
0x05ad,,,,,,wall,base,0
0x05ae,CRAZYNS,Usecode class CRAZYNS. North-south Regret gotHit relay that wakes or re-arms nearby NPCs when hit with an actor handle.,,,,wall,editor,0
0x05af,,,,,,wall,base,0
0x05b0,,,,,,wall,base,0
0x05b1,,,,,,wall,helper,0
0x05b2,,,,,,wall,base,0
0x05b3,,,,,,wall,base,0
0x05b4,,,,,,wall,base,0
0x05b5,,,,,,wall,base,0
0x05b6,,,,,,wall,base,0
0x05b7,,,,,,wall,base,47
0x05b8,,,,,,wall,base,51216
0x05b9,,,,,,wall,base,2863
0x05ba,,,,,,wall,helper,264
0x05bb,,,,,,wall,roof,0
0x05bc,,,,,,wall,base,778;799;1037
0x05bd,,,,,,wall,base,0
0x05be,,,,,,wall,base,5645;5669
0x05cb,,,,,,wall,base,29;5884
0x05cc,,,,,,wall,terrain,262;263;264
0x05cd,,,,,,wall,terrain,1585
0x05ce,,,,,,wall,base,2;3;10;14;33;43;62;2825;2877
0x05cf,,,,,,wall,base,48
0x05d0,,,,,,wall,base,0;2;16;27;785;2838;28426
0x05d1,,,,,,wall,base,25630
0x05d2,,,,,,wall,base,31;2865
0x05d3,,,,,,wall,base,33
0x05d4,,,,,,wall,base,5663;5664
0x05d5,booty_shape_05d5,Auto-derived from BOOTY self-shape comparison in USECODE,,,,wall,helper,0
0x05d6,,,,,,wall,,
0x05d7,,,,,,wall,helper,0
0x05d8,,,,,,wall,base,255
0x05d9,,,,,,wall,,
0x05da,,,,,,wall,,
0x05dd,,,,,,wall,,
0x05de,,,,,,wall,,
0x05df,PRESSURE_BARRIER_V,Regret pressure-barrier face driven by nearby CRYOBOX controllers through shared QLo.,,,,wall,editor,10
0x05e0,PRESSURE_BARRIER_H,Regret pressure-barrier face driven by nearby CRYOBOX controllers through shared QLo.,,,,wall,editor,7;81
0x05e1,CRYOBOX,Usecode class CRYOBOX. Regret pressure-barrier switch/controller that matches nearby 0x05DF/0x05E0 faces by shared QLo.,,,,wall,editor,7;81
0x05e2,,,,,,wall,helper,0
0x05e3,,,,,,wall,base,5;1049;1066;1297;1321
0x05e4,,,,,,wall,base,0
0x05e5,,,,,,wall,base,0
0x05e6,,,,,,wall,helper,31235
0x05e7,,,,,,wall,base,24579
0x05e8,,,,,,wall,base,20
0x05e9,,,,,,wall,base,73
0x05ea,,,,,,wall,terrain,0
0x05eb,,,,,,wall,base,0
0x05ec,,,,,,wall,base,0
0x05ef,,,,,,wall,,
0x05f0,,,,,,wall,helper,0
0x05f1,,,,,,wall,base,39
0x05f2,,,,,,wall,base,10;76;856
0x05f3,,,,,,wall,base,524
0x05f4,,,,,,wall,base,532;546;785
0x05f5,LNR-81,"Retail Regret DTable: LNR-81 (weapon, display frame 0x000F, Weapon_GetNameForShapeNo).",,,,wall,base,0
0x05f6,BK-16,"Retail Regret DTable: BK-16 (weapon, display frame 0x000E, Weapon_GetNameForShapeNo).",,,,wall,base,0
0x05f9,,,,,,wall,base,23;27;56;81
0x05fb,,,,,,wall,terrain,0
0x05fc,,,,,,wall,terrain,0
0x05ff,,,,,,wall,helper,0
0x0601,,,,,,wall,base,0
0x0602,,,,,,wall,base,35;31234
0x0603,,,,,,wall,base,38
0x0604,,,,,,wall,base,17
0x0605,,,,,,wall,base,0
0x0606,booty_shape_0606,Auto-derived from BOOTY self-shape comparison in USECODE,,,,wall,,
0x0610,,,,,,wall,base,0
0x0612,,,,,,wall,base,0
0x0613,DATA PICK,"Retail Regret DTable: DATA PICK (misc_item, display frame 0x001E, MiscTable_GetNameForItemShapeNo).",,,,wall,helper,0
0x0614,LNR-81 CLIP,"Retail Regret DTable: LNR-81 CLIP (ammo, display frame 0x001A, Ammo_GetNameForShapeNo).",,,,wall,base,1
0x0615,BK-16 CLIP,"Retail Regret DTable: BK-16 CLIP (ammo, display frame 0x001B, Ammo_GetNameForShapeNo).",,,,wall,base,1
0x0616,DISRUPTER,"Retail Regret DTable: DISRUPTER (misc_item, display frame 0x001C, MiscTable_GetNameForItemShapeNo).",,,,wall,helper,0
0x0617,,,,,,wall,base,9;533;794
0x0618,,,,,,wall,base,50;523;526;564
0x061c,MINE DET,"Retail Regret DTable: MINE DET (misc_item, display frame 0x001F, MiscTable_GetNameForItemShapeNo).",,,,wall,helper,0
0x061d,,,,,,wall,helper,512;519;521;531;535;564;597;737
0x061e,,,,,,wall,helper,0;519;531;535;548;564;597;737
0x0623,,,,,,wall,base,65
0x0624,,,,,,wall,base,0
0x0625,,,,,,wall,helper,0
0x0626,,,,,,wall,helper,0
0x0627,,,,,,wall,base,0
0x0628,,,,,,wall,terrain,0
0x0629,,,,,,wall,terrain,9;13
0x062a,,,,,,wall,base,0
0x062d,,,,,,wall,,
0x062e,booty_shape_062e,Auto-derived from BOOTY self-shape comparison in USECODE,,,,wall,,
0x062f,,,,,,wall,helper,0
0x0630,,,,,,wall,helper,0
0x0631,booty_shape_0631,Auto-derived from BOOTY self-shape comparison in USECODE,,,,wall,,
0x0634,,,,,,wall,roof,0
0x0635,,,,,,wall,base,0
0x0637,,,,,,wall,terrain,0
0x0638,,,,,,wall,roof,0
0x0639,Roof_Regret_Level1,,true,,,wall,base,0;1;2;3;5;6;7;9;10;11;13;17;26;28;29;36;45;47;48;90
0x063a,ROOF_GREEBLES_063A,,true,,,wall,base,0;6
0x063b,,,true,,,wall,base,0
0x063c,,,true,,,wall,base,0;6
0x063d,,,,,,wall,base,0
0x063e,PORTABLE BETTY,"Retail Regret DTable: PORTABLE BETTY (misc_item, display frame 0x0022, MiscTable_GetNameForItemShapeNo).",,,,wall,helper,0
0x0640,,,,,,wall,base,0
0x0644,,,,,,wall,base,0
0x0645,,,,,,wall,base,0
0x0646,,,,,,wall,base,0
0x0647,,,,,,wall,base,0
0x0648,,,,,,wall,base,6
0x0649,,,,,,wall,base,0
0x064a,,,,,,wall,base,0
0x064b,,,,,,wall,terrain,0
0x064c,,,,,,wall,terrain,0
0x064d,,,,,,wall,terrain,0
0x064e,,,,,,wall,terrain,0
0x064f,,,,,,wall,terrain,0
0x0650,,,,,,wall,terrain,0
0x0651,,,,,,wall,terrain,0
0x0652,,,,,,wall,terrain,0
0x0653,,,,,,wall,terrain,0
0x0654,,,,,,wall,terrain,0
0x0655,,,,,,wall,base,23
0x0656,,,,,,wall,,
0x0658,,,,,,wall,base,0
0x065d,,,,,,wall,base,0
0x065e,,,,,,wall,terrain,175
0x065f,,,,,,wall,terrain,0
0x0660,,,,,,wall,base,0
0x0662,,,,,,wall,base,0
0x0663,,,,,,wall,base,0
0x0686,,,,,,wall,base,268
